data_extracao,arquivo,numero_registros,tamanho_mib,nome_base,camada,dominio,formato,porte_arquivo,registros_por_mib,ano_extracao,mes_extracao
2025-12-29 03:29:46,raw_sim_declaracao_obito.parquet,24670230,1214.52,raw_sim_declaracao_obito,raw,sim_declaracao_obito,.parquet,grande,20312.74,2025,12
2025-12-06 16:57:09,raw_sim_declaracao_obito.parquet,23138215,1124.01,raw_sim_declaracao_obito,raw,sim_declaracao_obito,.parquet,grande,20585.42,2025,12
2025-12-06 16:57:09,raw_inca_registro_hospitalar.parquet,5399686,111.66,raw_inca_registro_hospitalar,raw,inca_registro_hospitalar,.parquet,medio,48358.28,2025,12
2026-01-20 03:00:06,raw_painel_de_oncologia.parquet,5327425,108.02,raw_painel_de_oncologia,raw,painel_de_oncologia,.parquet,medio,49318.88,2026,1
2025-12-06 16:57:09,raw_painel_de_oncologia.parquet,5227873,106.07,raw_painel_de_oncologia,raw,painel_de_oncologia,.parquet,medio,49287.01,2025,12
2025-12-23 03:00:05,raw_painel_de_oncologia.parquet,5227873,106.08,raw_painel_de_oncologia,raw,painel_de_oncologia,.parquet,medio,49282.36,2025,12
2025-12-06 16:57:09,raw_inca_cancer_populacional.parquet,2368916,48.15,raw_inca_cancer_populacional,raw,inca_cancer_populacional,.parquet,pequeno,49198.67,2025,12
2025-12-06 16:57:09,raw_sim_declaracao_obito_prelim.parquet,1527369,87.87,raw_sim_declaracao_obito_prelim,raw,sim_declaracao_obito_prelim,.parquet,pequeno,17382.14,2025,12
2026-02-13 03:00:07,raw_cnes_estabelecimentos.parquet,601940,68.61,raw_cnes_estabelecimentos,raw,cnes_estabelecimentos,.parquet,pequeno,8773.36,2026,2
2026-02-12 03:00:07,raw_cnes_estabelecimentos.parquet,601824,68.57,raw_cnes_estabelecimentos,raw,cnes_estabelecimentos,.parquet,pequeno,8776.78,2026,2
2026-02-08 03:00:07,raw_cnes_estabelecimentos.parquet,601103,68.51,raw_cnes_estabelecimentos,raw,cnes_estabelecimentos,.parquet,pequeno,8773.95,2026,2
2026-02-06 03:00:07,raw_cnes_estabelecimentos.parquet,600959,68.49,raw_cnes_estabelecimentos,raw,cnes_estabelecimentos,.parquet,pequeno,8774.41,2026,2
2026-02-05 03:00:08,raw_cnes_estabelecimentos.parquet,600636,68.43,raw_cnes_estabelecimentos,raw,cnes_estabelecimentos,.parquet,pequeno,8777.38,2026,2
2026-02-04 03:00:07,raw_cnes_estabelecimentos.parquet,600629,68.46,raw_cnes_estabelecimentos,raw,cnes_estabelecimentos,.parquet,pequeno,8773.43,2026,2
2026-02-01 03:00:08,raw_cnes_estabelecimentos.parquet,600288,68.42,raw_cnes_estabelecimentos,raw,cnes_estabelecimentos,.parquet,pequeno,8773.57,2026,2
2026-01-31 03:00:07,raw_cnes_estabelecimentos.parquet,600147,68.41,raw_cnes_estabelecimentos,raw,cnes_estabelecimentos,.parquet,pequeno,8772.8,2026,1
2026-01-30 03:00:07,raw_cnes_estabelecimentos.parquet,600043,68.41,raw_cnes_estabelecimentos,raw,cnes_estabelecimentos,.parquet,pequeno,8771.28,2026,1
2026-01-29 03:00:08,raw_cnes_estabelecimentos.parquet,599954,68.41,raw_cnes_estabelecimentos,raw,cnes_estabelecimentos,.parquet,pequeno,8769.98,2026,1
2026-01-28 03:00:07,raw_cnes_estabelecimentos.parquet,599943,68.42,raw_cnes_estabelecimentos,raw,cnes_estabelecimentos,.parquet,pequeno,8768.53,2026,1
2026-01-25 03:00:08,raw_cnes_estabelecimentos.parquet,599468,68.26,raw_cnes_estabelecimentos,raw,cnes_estabelecimentos,.parquet,pequeno,8782.13,2026,1
2026-01-24 03:00:07,raw_cnes_estabelecimentos.parquet,599360,68.3,raw_cnes_estabelecimentos,raw,cnes_estabelecimentos,.parquet,pequeno,8775.4,2026,1
2026-01-23 03:00:07,raw_cnes_estabelecimentos.parquet,599116,68.31,raw_cnes_estabelecimentos,raw,cnes_estabelecimentos,.parquet,pequeno,8770.55,2026,1
2026-01-22 03:00:07,raw_cnes_estabelecimentos.parquet,598965,68.27,raw_cnes_estabelecimentos,raw,cnes_estabelecimentos,.parquet,pequeno,8773.47,2026,1
2026-01-21 03:00:06,raw_cnes_estabelecimentos.parquet,598944,68.28,raw_cnes_estabelecimentos,raw,cnes_estabelecimentos,.parquet,pequeno,8771.88,2026,1
2026-01-18 03:00:07,raw_cnes_estabelecimentos.parquet,598663,68.2,raw_cnes_estabelecimentos,raw,cnes_estabelecimentos,.parquet,pequeno,8778.05,2026,1
2026-01-16 03:00:06,raw_cnes_estabelecimentos.parquet,598662,68.23,raw_cnes_estabelecimentos,raw,cnes_estabelecimentos,.parquet,pequeno,8774.18,2026,1
2026-01-15 03:00:06,raw_cnes_estabelecimentos.parquet,598661,68.23,raw_cnes_estabelecimentos,raw,cnes_estabelecimentos,.parquet,pequeno,8774.16,2026,1
2026-01-14 03:00:07,raw_cnes_estabelecimentos.parquet,598661,68.24,raw_cnes_estabelecimentos,raw,cnes_estabelecimentos,.parquet,pequeno,8772.88,2026,1
2026-01-10 03:00:07,raw_cnes_estabelecimentos.parquet,598221,68.12,raw_cnes_estabelecimentos,raw,cnes_estabelecimentos,.parquet,pequeno,8781.87,2026,1
2026-01-11 03:00:06,raw_cnes_estabelecimentos.parquet,598221,68.13,raw_cnes_estabelecimentos,raw,cnes_estabelecimentos,.parquet,pequeno,8780.58,2026,1
2026-01-09 03:00:07,raw_cnes_estabelecimentos.parquet,598153,68.13,raw_cnes_estabelecimentos,raw,cnes_estabelecimentos,.parquet,pequeno,8779.58,2026,1
2026-01-08 03:00:07,raw_cnes_estabelecimentos.parquet,598084,68.15,raw_cnes_estabelecimentos,raw,cnes_estabelecimentos,.parquet,pequeno,8775.99,2026,1
2026-01-07 03:00:08,raw_cnes_estabelecimentos.parquet,598080,68.15,raw_cnes_estabelecimentos,raw,cnes_estabelecimentos,.parquet,pequeno,8775.94,2026,1
2026-01-04 03:00:08,raw_cnes_estabelecimentos.parquet,598058,68.16,raw_cnes_estabelecimentos,raw,cnes_estabelecimentos,.parquet,pequeno,8774.33,2026,1
2026-01-03 02:11:44,raw_cnes_estabelecimentos.parquet,598030,68.16,raw_cnes_estabelecimentos,raw,cnes_estabelecimentos,.parquet,pequeno,8773.91,2026,1
2026-01-02 03:00:07,raw_cnes_estabelecimentos.parquet,597897,68.11,raw_cnes_estabelecimentos,raw,cnes_estabelecimentos,.parquet,pequeno,8778.4,2026,1
2026-01-01 03:00:06,raw_cnes_estabelecimentos.parquet,597799,68.1,raw_cnes_estabelecimentos,raw,cnes_estabelecimentos,.parquet,pequeno,8778.25,2026,1
2025-12-31 03:00:06,raw_cnes_estabelecimentos.parquet,597785,68.12,raw_cnes_estabelecimentos,raw,cnes_estabelecimentos,.parquet,pequeno,8775.47,2025,12
2025-12-29 03:42:24,raw_cnes_estabelecimentos.parquet,597760,68.11,raw_cnes_estabelecimentos,raw,cnes_estabelecimentos,.parquet,pequeno,8776.39,2025,12
2025-12-27 21:49:09,raw_cnes_estabelecimentos.parquet,597760,67.32,raw_cnes_estabelecimentos,raw,cnes_estabelecimentos,.parquet,pequeno,8879.38,2025,12
2025-12-24 03:00:04,raw_cnes_estabelecimentos.parquet,597384,67.26,raw_cnes_estabelecimentos,raw,cnes_estabelecimentos,.parquet,pequeno,8881.71,2025,12
2025-12-21 03:00:04,raw_cnes_estabelecimentos.parquet,596751,67.19,raw_cnes_estabelecimentos,raw,cnes_estabelecimentos,.parquet,pequeno,8881.54,2025,12
2025-12-19 03:00:05,raw_cnes_estabelecimentos.parquet,596509,67.16,raw_cnes_estabelecimentos,raw,cnes_estabelecimentos,.parquet,pequeno,8881.91,2025,12
2025-12-18 03:00:05,raw_cnes_estabelecimentos.parquet,596402,67.14,raw_cnes_estabelecimentos,raw,cnes_estabelecimentos,.parquet,pequeno,8882.96,2025,12
2025-12-12 03:00:04,raw_cnes_estabelecimentos.parquet,595908,67.08,raw_cnes_estabelecimentos,raw,cnes_estabelecimentos,.parquet,pequeno,8883.54,2025,12
2025-12-10 03:00:04,raw_cnes_estabelecimentos.parquet,595731,67.07,raw_cnes_estabelecimentos,raw,cnes_estabelecimentos,.parquet,pequeno,8882.23,2025,12
2025-12-06 16:57:09,raw_cnes_estabelecimentos.parquet,595095,67.04,raw_cnes_estabelecimentos,raw,cnes_estabelecimentos,.parquet,pequeno,8876.72,2025,12
2026-02-13 03:00:07,raw_siops_exec_rreo.parquet,36220,0.96,raw_siops_exec_rreo,raw,siops_exec_rreo,.parquet,muito_pequeno,37729.17,2026,2
2026-02-12 03:00:07,raw_siops_exec_rreo.parquet,36106,0.96,raw_siops_exec_rreo,raw,siops_exec_rreo,.parquet,muito_pequeno,37610.42,2026,2
2026-02-11 03:00:06,raw_siops_exec_rreo.parquet,35878,0.95,raw_siops_exec_rreo,raw,siops_exec_rreo,.parquet,muito_pequeno,37766.32,2026,2
2026-02-10 03:00:07,raw_siops_exec_rreo.parquet,35650,0.95,raw_siops_exec_rreo,raw,siops_exec_rreo,.parquet,muito_pequeno,37526.32,2026,2
2026-02-08 03:00:07,raw_siops_exec_rreo.parquet,35422,0.94,raw_siops_exec_rreo,raw,siops_exec_rreo,.parquet,muito_pequeno,37682.98,2026,2
2026-02-07 03:00:06,raw_siops_exec_rreo.parquet,35308,0.94,raw_siops_exec_rreo,raw,siops_exec_rreo,.parquet,muito_pequeno,37561.7,2026,2
2026-02-06 03:00:07,raw_siops_exec_rreo.parquet,34966,0.93,raw_siops_exec_rreo,raw,siops_exec_rreo,.parquet,muito_pequeno,37597.85,2026,2
2026-02-03 03:00:07,raw_siops_exec_rreo.parquet,34738,0.92,raw_siops_exec_rreo,raw,siops_exec_rreo,.parquet,muito_pequeno,37758.7,2026,2
2026-01-31 03:00:07,raw_siops_exec_rreo.parquet,34396,0.92,raw_siops_exec_rreo,raw,siops_exec_rreo,.parquet,muito_pequeno,37386.96,2026,1
2026-01-30 03:00:07,raw_siops_exec_rreo.parquet,33826,0.9,raw_siops_exec_rreo,raw,siops_exec_rreo,.parquet,muito_pequeno,37584.44,2026,1
2025-12-06 16:57:09,raw_siops_exec_rreo.parquet,33703,0.96,raw_siops_exec_rreo,raw,siops_exec_rreo,.parquet,muito_pequeno,35107.29,2025,12
2025-12-29 03:27:41,raw_siops_exec_rreo.parquet,33703,0.9,raw_siops_exec_rreo,raw,siops_exec_rreo,.parquet,muito_pequeno,37447.78,2025,12
2026-02-13 03:00:07,raw_siops_indicadores.parquet,10481,0.16,raw_siops_indicadores,raw,siops_indicadores,.parquet,muito_pequeno,65506.25,2026,2
2026-02-12 03:00:07,raw_siops_indicadores.parquet,10467,0.16,raw_siops_indicadores,raw,siops_indicadores,.parquet,muito_pequeno,65418.75,2026,2
2026-02-11 03:00:06,raw_siops_indicadores.parquet,10439,0.16,raw_siops_indicadores,raw,siops_indicadores,.parquet,muito_pequeno,65243.75,2026,2
2026-02-10 03:00:07,raw_siops_indicadores.parquet,10411,0.16,raw_siops_indicadores,raw,siops_indicadores,.parquet,muito_pequeno,65068.75,2026,2
2026-02-08 03:00:07,raw_siops_indicadores.parquet,10383,0.16,raw_siops_indicadores,raw,siops_indicadores,.parquet,muito_pequeno,64893.75,2026,2
2026-02-07 03:00:06,raw_siops_indicadores.parquet,10369,0.16,raw_siops_indicadores,raw,siops_indicadores,.parquet,muito_pequeno,64806.25,2026,2
2026-02-06 03:00:07,raw_siops_indicadores.parquet,10327,0.16,raw_siops_indicadores,raw,siops_indicadores,.parquet,muito_pequeno,64543.75,2026,2
2026-02-03 03:00:07,raw_siops_indicadores.parquet,10299,0.16,raw_siops_indicadores,raw,siops_indicadores,.parquet,muito_pequeno,64368.75,2026,2
2026-01-31 03:00:07,raw_siops_indicadores.parquet,10257,0.16,raw_siops_indicadores,raw,siops_indicadores,.parquet,muito_pequeno,64106.25,2026,1
2026-01-30 03:00:07,raw_siops_indicadores.parquet,10187,0.16,raw_siops_indicadores,raw,siops_indicadores,.parquet,muito_pequeno,63668.75,2026,1
2025-12-06 16:57:09,raw_siops_indicadores.parquet,10173,0.18,raw_siops_indicadores,raw,siops_indicadores,.parquet,muito_pequeno,56516.67,2025,12
2025-12-29 03:27:41,raw_siops_indicadores.parquet,10173,0.16,raw_siops_indicadores,raw,siops_indicadores,.parquet,muito_pequeno,63581.25,2025,12
2025-12-06 16:57:09,raw_macroregiao_de_saude.parquet,5570,0.28,raw_macroregiao_de_saude,raw,macroregiao_de_saude,.parquet,muito_pequeno,19892.86,2025,12
2026-02-13 03:00:07,raw_siops_exec_saude.parquet,4695,0.11,raw_siops_exec_saude,raw,siops_exec_saude,.parquet,muito_pequeno,42681.82,2026,2
2026-02-12 03:00:07,raw_siops_exec_saude.parquet,4680,0.11,raw_siops_exec_saude,raw,siops_exec_saude,.parquet,muito_pequeno,42545.45,2026,2
2026-02-11 03:00:06,raw_siops_exec_saude.parquet,4650,0.11,raw_siops_exec_saude,raw,siops_exec_saude,.parquet,muito_pequeno,42272.73,2026,2
2026-02-10 03:00:07,raw_siops_exec_saude.parquet,4620,0.1,raw_siops_exec_saude,raw,siops_exec_saude,.parquet,muito_pequeno,46200.0,2026,2
2026-02-08 03:00:07,raw_siops_exec_saude.parquet,4590,0.1,raw_siops_exec_saude,raw,siops_exec_saude,.parquet,muito_pequeno,45900.0,2026,2
2026-02-07 03:00:06,raw_siops_exec_saude.parquet,4575,0.1,raw_siops_exec_saude,raw,siops_exec_saude,.parquet,muito_pequeno,45750.0,2026,2
2026-02-06 03:00:07,raw_siops_exec_saude.parquet,4530,0.1,raw_siops_exec_saude,raw,siops_exec_saude,.parquet,muito_pequeno,45300.0,2026,2
2026-02-03 03:00:07,raw_siops_exec_saude.parquet,4500,0.1,raw_siops_exec_saude,raw,siops_exec_saude,.parquet,muito_pequeno,45000.0,2026,2
2026-01-31 03:00:07,raw_siops_exec_saude.parquet,4455,0.1,raw_siops_exec_saude,raw,siops_exec_saude,.parquet,muito_pequeno,44550.0,2026,1
2026-01-30 03:00:07,raw_siops_exec_saude.parquet,4380,0.1,raw_siops_exec_saude,raw,siops_exec_saude,.parquet,muito_pequeno,43800.0,2026,1
2025-12-29 03:27:41,raw_siops_exec_saude.parquet,4365,0.1,raw_siops_exec_saude,raw,siops_exec_saude,.parquet,muito_pequeno,43650.0,2025,12
2025-12-06 16:57:09,raw_siops_exec_saude.parquet,4365,0.11,raw_siops_exec_saude,raw,siops_exec_saude,.parquet,muito_pequeno,39681.82,2025,12
